NewLocationID,Setup_date,Retrieval_date,Problem1_from,Problem1_to,Problem2_from,Problem2_to,Problem3_from,Problem3_to,Problem4_from,Problem4_to
GMU1_P_1,7/16/2021,11/2/2021,NA,NA,NA,NA,NA,NA,NA,NA
GMU1_P_10,7/16/2021,10/23/2021,NA,NA,NA,NA,NA,NA,NA,NA
GMU1_P_100,7/14/2021,10/2/2021,NA,NA,NA,NA,NA,NA,NA,NA
GMU1_P_107,6/25/2021,10/22/2021,NA,NA,NA,NA,NA,NA,NA,NA
GMU1_P_11,5/1/2021,9/15/2021,NA,NA,NA,NA,NA,NA,NA,NA
GMU1_P_12,5/2/2021,10/22/2021,5/2/2021,10/22/2021,NA,NA,NA,NA,NA,NA
GMU1_P_126,7/27/2021,9/23/2021,NA,NA,NA,NA,NA,NA,NA,NA
GMU1_P_13,7/13/2021,9/19/2021,NA,NA,NA,NA,NA,NA,NA,NA
GMU1_P_14,7/29/2021,9/16/2021,NA,NA,NA,NA,NA,NA,NA,NA
GMU1_P_152,8/6/2021,9/28/2021,NA,NA,NA,NA,NA,NA,NA,NA
GMU1_P_153,7/28/2021,9/26/2021,NA,NA,NA,NA,NA,NA,NA,NA
GMU1_P_154,7/28/2021,9/25/2021,NA,NA,NA,NA,NA,NA,NA,NA
GMU1_P_155,7/21/2021,9/17/2021,NA,NA,NA,NA,NA,NA,NA,NA
GMU1_P_156,7/7/2021,10/8/2021,NA,NA,NA,NA,NA,NA,NA,NA
GMU1_P_157,7/6/2021,9/30/2021,NA,NA,NA,NA,NA,NA,NA,NA
GMU1_P_16,5/1/2021,10/1/2021,NA,NA,NA,NA,NA,NA,NA,NA
GMU1_P_160,7/3/2021,11/4/2021,NA,NA,NA,NA,NA,NA,NA,NA
GMU1_P_167,7/21/2021,9/25/2021,NA,NA,NA,NA,NA,NA,NA,NA
GMU1_P_168,7/3/2021,10/8/2021,NA,NA,NA,NA,NA,NA,NA,NA
GMU1_P_169,7/21/2021,9/19/2021,NA,NA,NA,NA,NA,NA,NA,NA
GMU1_P_170,7/27/2021,9/15/2021,NA,NA,NA,NA,NA,NA,NA,NA
GMU1_P_173,7/28/2021,9/30/2021,NA,NA,NA,NA,NA,NA,NA,NA
GMU1_P_175,8/2/2021,9/23/2021,NA,NA,NA,NA,NA,NA,NA,NA
GMU1_P_18,7/27/2021,9/15/2021,NA,NA,NA,NA,NA,NA,NA,NA
GMU1_P_181,8/3/2021,9/19/2021,NA,NA,NA,NA,NA,NA,NA,NA
GMU1_P_19,6/9/2021,1/23/2022,10/20/2021,1/23/2022,NA,NA,NA,NA,NA,NA
GMU1_P_20,7/21/2021,11/15/2021,9/30/2021,11/15/2021,NA,NA,NA,NA,NA,NA
GMU1_P_23,5/1/2021,10/21/2021,5/17/2021,5/30/2021,NA,NA,NA,NA,NA,NA
GMU1_P_26,7/21/2021,11/4/2021,NA,NA,NA,NA,NA,NA,NA,NA
GMU1_P_27,4/30/2021,7/17/2021,NA,NA,NA,NA,NA,NA,NA,NA
GMU1_P_28,6/24/2021,9/18/2021,NA,NA,NA,NA,NA,NA,NA,NA
GMU1_P_29,5/1/2021,7/6/2021,NA,NA,NA,NA,NA,NA,NA,NA
GMU1_P_30,7/28/2021,10/19/2021,NA,NA,NA,NA,NA,NA,NA,NA
GMU1_P_31,7/1/2021,10/19/2021,NA,NA,NA,NA,NA,NA,NA,NA
GMU1_P_33,7/20/2021,10/5/2021,NA,NA,NA,NA,NA,NA,NA,NA
GMU1_P_34,7/14/2021,10/7/2021,NA,NA,NA,NA,NA,NA,NA,NA
GMU1_P_35,5/10/2021,11/4/2021,NA,NA,NA,NA,NA,NA,NA,NA
GMU1_P_36,5/5/2021,10/25/2021,NA,NA,NA,NA,NA,NA,NA,NA
GMU1_P_39,8/2/2021,10/26/2021,NA,NA,NA,NA,NA,NA,NA,NA
GMU1_P_40,7/16/2021,11/4/2021,NA,NA,NA,NA,NA,NA,NA,NA
GMU1_P_41,5/1/2021,9/21/2021,NA,NA,NA,NA,NA,NA,NA,NA
GMU1_P_42,5/6/2021,10/27/2021,NA,NA,NA,NA,NA,NA,NA,NA
GMU1_P_43,4/30/2021,11/10/2021,NA,NA,NA,NA,NA,NA,NA,NA
GMU1_P_44,7/19/2021,9/27/2021,NA,NA,NA,NA,NA,NA,NA,NA
GMU1_P_46,7/21/2021,8/19/2021,NA,NA,NA,NA,NA,NA,NA,NA
GMU1_P_47,7/27/2021,10/17/2021,NA,NA,NA,NA,NA,NA,NA,NA
GMU1_P_48,7/17/2021,11/2/2021,NA,NA,NA,NA,NA,NA,NA,NA
GMU1_P_49,7/13/2021,10/28/2021,NA,NA,NA,NA,NA,NA,NA,NA
GMU1_P_50,5/24/2021,10/6/2021,NA,NA,NA,NA,NA,NA,NA,NA
GMU1_P_52,5/6/2021,10/27/2021,NA,NA,NA,NA,NA,NA,NA,NA
GMU1_P_55,6/4/2021,9/28/2021,NA,NA,NA,NA,NA,NA,NA,NA
GMU1_P_56,7/30/2021,10/1/2021,NA,NA,NA,NA,NA,NA,NA,NA
GMU1_P_57,7/12/2021,11/3/2021,NA,NA,NA,NA,NA,NA,NA,NA
GMU1_P_58,7/16/2021,11/2/2021,NA,NA,NA,NA,NA,NA,NA,NA
GMU1_P_59,5/4/2021,10/18/2021,NA,NA,NA,NA,NA,NA,NA,NA
GMU1_P_6,7/27/2021,9/16/2021,NA,NA,NA,NA,NA,NA,NA,NA
GMU1_P_60,7/12/2021,10/6/2021,NA,NA,NA,NA,NA,NA,NA,NA
GMU1_P_61,7/14/2021,9/15/2021,NA,NA,NA,NA,NA,NA,NA,NA
GMU1_P_62,7/30/2021,10/3/2021,NA,NA,NA,NA,NA,NA,NA,NA
GMU1_P_64,7/24/2021,10/20/2021,NA,NA,NA,NA,NA,NA,NA,NA
GMU1_P_66,7/22/2021,9/22/2021,NA,NA,NA,NA,NA,NA,NA,NA
GMU1_P_67,5/4/2021,10/19/2021,NA,NA,NA,NA,NA,NA,NA,NA
GMU1_P_68,8/4/2021,9/25/2021,NA,NA,NA,NA,NA,NA,NA,NA
GMU1_P_7,7/15/2021,9/22/2021,NA,NA,NA,NA,NA,NA,NA,NA
GMU1_P_70,7/23/2021,10/25/2021,NA,NA,NA,NA,NA,NA,NA,NA
GMU1_P_71,7/26/2021,11/1/2021,NA,NA,NA,NA,NA,NA,NA,NA
GMU1_P_72,4/30/2021,11/10/2021,NA,NA,NA,NA,NA,NA,NA,NA
GMU1_P_74,7/14/2021,11/5/2021,NA,NA,NA,NA,NA,NA,NA,NA
GMU1_P_75,7/24/2021,10/12/2021,NA,NA,NA,NA,NA,NA,NA,NA
GMU1_P_76,7/26/2021,11/4/2021,NA,NA,NA,NA,NA,NA,NA,NA
GMU1_P_77,7/18/2021,11/4/2021,NA,NA,NA,NA,NA,NA,NA,NA
GMU1_P_78,7/19/2021,9/16/2021,NA,NA,NA,NA,NA,NA,NA,NA
GMU1_P_79,7/27/2021,9/22/2021,NA,NA,NA,NA,NA,NA,NA,NA
GMU1_P_8,5/4/2021,10/20/2021,NA,NA,NA,NA,NA,NA,NA,NA
GMU1_P_80,7/1/2021,10/7/2021,NA,NA,NA,NA,NA,NA,NA,NA
GMU1_P_81,7/30/2021,11/6/2021,NA,NA,NA,NA,NA,NA,NA,NA
GMU1_P_82,6/3/2021,10/14/2021,NA,NA,NA,NA,NA,NA,NA,NA
GMU1_P_83,7/21/2021,9/21/2021,NA,NA,NA,NA,NA,NA,NA,NA
GMU1_P_84,7/13/2021,9/28/2021,NA,NA,NA,NA,NA,NA,NA,NA
GMU1_P_85,7/29/2021,10/2/2021,NA,NA,NA,NA,NA,NA,NA,NA
GMU1_P_86,4/28/2021,10/27/2021,NA,NA,NA,NA,NA,NA,NA,NA
GMU1_P_87,7/13/2021,9/17/2021,NA,NA,NA,NA,NA,NA,NA,NA
GMU1_P_88,5/3/2021,10/21/2021,NA,NA,NA,NA,NA,NA,NA,NA
GMU1_P_89,7/20/2021,9/25/2021,NA,NA,NA,NA,NA,NA,NA,NA
GMU1_P_9,7/20/2021,9/26/2021,NA,NA,NA,NA,NA,NA,NA,NA
GMU1_P_90,7/6/2021,9/30/2021,NA,NA,NA,NA,NA,NA,NA,NA
GMU1_P_91,7/28/2021,10/19/2021,NA,NA,NA,NA,NA,NA,NA,NA
GMU1_P_92,7/22/2021,10/16/2021,NA,NA,NA,NA,NA,NA,NA,NA
GMU1_P_93,7/14/2021,9/30/2021,NA,NA,NA,NA,NA,NA,NA,NA
GMU1_P_94,7/1/2021,10/10/2021,NA,NA,NA,NA,NA,NA,NA,NA
GMU1_P_95,7/13/2021,9/23/2021,NA,NA,NA,NA,NA,NA,NA,NA
GMU1_P_96,7/23/2021,11/3/2021,NA,NA,NA,NA,NA,NA,NA,NA
GMU1_P_97,7/27/2021,9/26/2021,NA,NA,NA,NA,NA,NA,NA,NA
GMU1_P_98,7/30/2021,11/1/2021,NA,NA,NA,NA,NA,NA,NA,NA
GMU1_P_99,6/4/2021,8/23/2021,NA,NA,NA,NA,NA,NA,NA,NA
GMU1_U_1,7/16/2021,11/2/2021,NA,NA,NA,NA,NA,NA,NA,NA
GMU1_U_10,7/16/2021,10/23/2021,NA,NA,NA,NA,NA,NA,NA,NA
GMU1_U_100,7/15/2021,10/2/2021,NA,NA,NA,NA,NA,NA,NA,NA
GMU1_U_101,7/15/2021,10/5/2021,NA,NA,NA,NA,NA,NA,NA,NA
GMU1_U_102,8/3/2021,11/1/2021,NA,NA,NA,NA,NA,NA,NA,NA
GMU1_U_103,5/4/2021,10/11/2021,NA,NA,NA,NA,NA,NA,NA,NA
GMU1_U_104,7/20/2021,11/2/2021,NA,NA,NA,NA,NA,NA,NA,NA
GMU1_U_105,7/14/2021,10/7/2021,NA,NA,NA,NA,NA,NA,NA,NA
GMU1_U_106,7/30/2021,10/3/2021,NA,NA,NA,NA,NA,NA,NA,NA
GMU1_U_107,6/25/2021,10/22/2021,NA,NA,NA,NA,NA,NA,NA,NA
GMU1_U_108,5/3/2021,5/14/2021,NA,NA,NA,NA,NA,NA,NA,NA
GMU1_U_11,5/1/2021,9/15/2021,NA,NA,NA,NA,NA,NA,NA,NA
GMU1_U_110,7/29/2021,9/28/2021,NA,NA,NA,NA,NA,NA,NA,NA
GMU1_U_111,7/15/2021,11/3/2021,NA,NA,NA,NA,NA,NA,NA,NA
GMU1_U_112,7/15/2021,10/20/2021,NA,NA,NA,NA,NA,NA,NA,NA
GMU1_U_114,7/28/2021,9/23/2021,NA,NA,NA,NA,NA,NA,NA,NA
GMU1_U_115,5/4/2021,6/22/2021,NA,NA,NA,NA,NA,NA,NA,NA
GMU1_U_117,5/4/2021,8/9/2021,NA,NA,NA,NA,NA,NA,NA,NA
GMU1_U_118,7/13/2021,11/5/2021,NA,NA,NA,NA,NA,NA,NA,NA
GMU1_U_119,4/30/2021,11/10/2021,NA,NA,NA,NA,NA,NA,NA,NA
GMU1_U_12,5/2/2021,5/20/2021,NA,NA,NA,NA,NA,NA,NA,NA
GMU1_U_120,7/29/2021,9/24/2021,NA,NA,NA,NA,NA,NA,NA,NA
GMU1_U_121,7/23/2021,9/16/2021,NA,NA,NA,NA,NA,NA,NA,NA
GMU1_U_122,7/28/2021,11/3/2021,NA,NA,NA,NA,NA,NA,NA,NA
GMU1_U_123,5/4/2021,10/20/2021,NA,NA,NA,NA,NA,NA,NA,NA
GMU1_U_124,5/1/2021,10/19/2021,NA,NA,NA,NA,NA,NA,NA,NA
GMU1_U_125,7/5/2021,9/16/2021,NA,NA,NA,NA,NA,NA,NA,NA
GMU1_U_126,7/27/2021,9/23/2021,NA,NA,NA,NA,NA,NA,NA,NA
GMU1_U_128,7/27/2021,10/7/2021,NA,NA,NA,NA,NA,NA,NA,NA
GMU1_U_129,7/12/2021,10/22/2021,NA,NA,NA,NA,NA,NA,NA,NA
GMU1_U_13,7/13/2021,9/19/2021,NA,NA,NA,NA,NA,NA,NA,NA
GMU1_U_130,5/3/2021,5/10/2021,NA,NA,NA,NA,NA,NA,NA,NA
GMU1_U_131,5/5/2021,9/17/2021,NA,NA,NA,NA,NA,NA,NA,NA
GMU1_U_132,7/27/2021,10/10/2021,8/7/2021,8/9/2021,8/17/2021,9/1/2021,9/11/2021,10/10/2021,NA,NA
GMU1_U_133,6/24/2021,9/18/2021,NA,NA,NA,NA,NA,NA,NA,NA
GMU1_U_134,7/15/2021,9/22/2021,NA,NA,NA,NA,NA,NA,NA,NA
GMU1_U_135,8/2/2021,11/7/2021,NA,NA,NA,NA,NA,NA,NA,NA
GMU1_U_136,5/5/2021,10/27/2021,NA,NA,NA,NA,NA,NA,NA,NA
GMU1_U_138,7/12/2021,11/1/2021,NA,NA,NA,NA,NA,NA,NA,NA
GMU1_U_139,7/16/2021,9/27/2021,NA,NA,NA,NA,NA,NA,NA,NA
GMU1_U_14,7/29/2021,9/16/2021,NA,NA,NA,NA,NA,NA,NA,NA
GMU1_U_140,7/23/2021,10/9/2021,NA,NA,NA,NA,NA,NA,NA,NA
GMU1_U_141,7/14/2021,10/1/2021,NA,NA,NA,NA,NA,NA,NA,NA
GMU1_U_142,7/13/2021,11/7/2021,NA,NA,NA,NA,NA,NA,NA,NA
GMU1_U_143,7/27/2021,9/29/2021,NA,NA,NA,NA,NA,NA,NA,NA
GMU1_U_144,7/13/2021,9/26/2021,NA,NA,NA,NA,NA,NA,NA,NA
GMU1_U_146,7/16/2021,10/8/2021,NA,NA,NA,NA,NA,NA,NA,NA
GMU1_U_147,7/13/2021,10/6/2021,NA,NA,NA,NA,NA,NA,NA,NA
GMU1_U_148,7/29/2021,11/3/2021,NA,NA,NA,NA,NA,NA,NA,NA
GMU1_U_150,5/4/2021,6/14/2021,5/16/2021,6/9/2021,NA,NA,NA,NA,NA,NA
GMU1_U_152,7/29/2021,9/28/2021,NA,NA,NA,NA,NA,NA,NA,NA
GMU1_U_153,7/28/2021,8/14/2021,NA,NA,NA,NA,NA,NA,NA,NA
GMU1_U_154,7/28/2021,9/25/2021,NA,NA,NA,NA,NA,NA,NA,NA
GMU1_U_155,7/21/2021,9/17/2021,NA,NA,NA,NA,NA,NA,NA,NA
GMU1_U_156,7/7/2021,10/8/2021,NA,NA,NA,NA,NA,NA,NA,NA
GMU1_U_157,7/6/2021,9/30/2021,NA,NA,NA,NA,NA,NA,NA,NA
GMU1_U_159,7/29/2021,10/24/2021,NA,NA,NA,NA,NA,NA,NA,NA
GMU1_U_16,5/1/2021,10/13/2021,NA,NA,NA,NA,NA,NA,NA,NA
GMU1_U_160,7/3/2021,11/4/2021,NA,NA,NA,NA,NA,NA,NA,NA
GMU1_U_161,6/10/2021,8/18/2021,8/18/2021,8/18/2021,NA,NA,NA,NA,NA,NA
GMU1_U_163,7/21/2021,9/17/2021,NA,NA,NA,NA,NA,NA,NA,NA
GMU1_U_166,7/27/2021,9/24/2021,NA,NA,NA,NA,NA,NA,NA,NA
GMU1_U_167,7/21/2021,9/25/2021,NA,NA,NA,NA,NA,NA,NA,NA
GMU1_U_168,7/3/2021,10/8/2021,NA,NA,NA,NA,NA,NA,NA,NA
GMU1_U_169,7/21/2021,9/18/2021,NA,NA,NA,NA,NA,NA,NA,NA
GMU1_U_170,7/27/2021,9/15/2021,NA,NA,NA,NA,NA,NA,NA,NA
GMU1_U_172,8/3/2021,10/15/2021,NA,NA,NA,NA,NA,NA,NA,NA
GMU1_U_173,7/28/2021,9/30/2021,NA,NA,NA,NA,NA,NA,NA,NA
GMU1_U_175,8/2/2021,9/23/2021,NA,NA,NA,NA,NA,NA,NA,NA
GMU1_U_176,7/30/2021,10/8/2021,NA,NA,NA,NA,NA,NA,NA,NA
GMU1_U_177,7/28/2021,9/17/2021,NA,NA,NA,NA,NA,NA,NA,NA
GMU1_U_178,7/28/2021,9/23/2021,NA,NA,NA,NA,NA,NA,NA,NA
GMU1_U_18,7/27/2021,9/15/2021,NA,NA,NA,NA,NA,NA,NA,NA
GMU1_U_181,8/3/2021,9/19/2021,NA,NA,NA,NA,NA,NA,NA,NA
GMU1_U_19,6/9/2021,10/20/2021,NA,NA,NA,NA,NA,NA,NA,NA
GMU1_U_20,7/21/2021,9/30/2021,NA,NA,NA,NA,NA,NA,NA,NA
GMU1_U_23,5/1/2021,10/21/2021,NA,NA,NA,NA,NA,NA,NA,NA
GMU1_U_26,7/21/2021,11/4/2021,NA,NA,NA,NA,NA,NA,NA,NA
GMU1_U_27,4/30/2021,11/10/2021,NA,NA,NA,NA,NA,NA,NA,NA
GMU1_U_28,6/24/2021,9/18/2021,NA,NA,NA,NA,NA,NA,NA,NA
GMU1_U_29,5/1/2021,9/5/2021,NA,NA,NA,NA,NA,NA,NA,NA
GMU1_U_30,7/28/2021,10/19/2021,NA,NA,NA,NA,NA,NA,NA,NA
GMU1_U_31,6/1/2021,6/8/2021,NA,NA,NA,NA,NA,NA,NA,NA
GMU1_U_33,7/20/2021,10/5/2021,NA,NA,NA,NA,NA,NA,NA,NA
GMU1_U_34,7/14/2021,10/7/2021,NA,NA,NA,NA,NA,NA,NA,NA
GMU1_U_35,5/10/2021,11/4/2021,NA,NA,NA,NA,NA,NA,NA,NA
GMU1_U_36,5/5/2021,10/25/2021,NA,NA,NA,NA,NA,NA,NA,NA
GMU1_U_39,8/2/2021,10/26/2021,NA,NA,NA,NA,NA,NA,NA,NA
GMU1_U_40,7/16/2021,11/4/2021,NA,NA,NA,NA,NA,NA,NA,NA
GMU1_U_41,5/1/2021,8/14/2021,NA,NA,NA,NA,NA,NA,NA,NA
GMU1_U_42,5/6/2021,10/27/2021,NA,NA,NA,NA,NA,NA,NA,NA
GMU1_U_43,4/30/2021,11/10/2021,NA,NA,NA,NA,NA,NA,NA,NA
GMU1_U_44,7/19/2021,9/27/2021,NA,NA,NA,NA,NA,NA,NA,NA
GMU1_U_45,5/6/2021,10/27/2021,NA,NA,NA,NA,NA,NA,NA,NA
GMU1_U_46,8/3/2021,10/11/2021,NA,NA,NA,NA,NA,NA,NA,NA
GMU1_U_47,7/27/2021,10/17/2021,NA,NA,NA,NA,NA,NA,NA,NA
GMU1_U_48,7/17/2021,11/2/2021,NA,NA,NA,NA,NA,NA,NA,NA
GMU1_U_49,7/13/2021,11/5/2021,NA,NA,NA,NA,NA,NA,NA,NA
GMU1_U_5,5/6/2021,6/24/2021,6/24/2021,6/24/2021,NA,NA,NA,NA,NA,NA
GMU1_U_50,5/24/2021,10/6/2021,6/30/2021,10/6/2021,NA,NA,NA,NA,NA,NA
GMU1_U_52,5/6/2021,10/27/2021,NA,NA,NA,NA,NA,NA,NA,NA
GMU1_U_55,6/4/2021,10/19/2021,NA,NA,NA,NA,NA,NA,NA,NA
GMU1_U_56,7/30/2021,10/1/2021,NA,NA,NA,NA,NA,NA,NA,NA
GMU1_U_57,7/12/2021,11/3/2021,NA,NA,NA,NA,NA,NA,NA,NA
GMU1_U_58,7/16/2021,11/1/2021,NA,NA,NA,NA,NA,NA,NA,NA
GMU1_U_59,5/4/2021,10/18/2021,NA,NA,NA,NA,NA,NA,NA,NA
GMU1_U_6,7/27/2021,9/16/2021,NA,NA,NA,NA,NA,NA,NA,NA
GMU1_U_60,7/12/2021,10/6/2021,NA,NA,NA,NA,NA,NA,NA,NA
GMU1_U_61,7/14/2021,9/15/2021,NA,NA,NA,NA,NA,NA,NA,NA
GMU1_U_62,7/30/2021,10/3/2021,NA,NA,NA,NA,NA,NA,NA,NA
GMU1_U_64,7/24/2021,10/20/2021,NA,NA,NA,NA,NA,NA,NA,NA
GMU1_U_66,7/22/2021,9/22/2021,NA,NA,NA,NA,NA,NA,NA,NA
GMU1_U_67,5/4/2021,10/19/2021,NA,NA,NA,NA,NA,NA,NA,NA
GMU1_U_68,8/4/2021,9/25/2021,NA,NA,NA,NA,NA,NA,NA,NA
GMU1_U_7,7/15/2021,10/26/2021,NA,NA,NA,NA,NA,NA,NA,NA
GMU1_U_70,7/23/2021,10/25/2021,NA,NA,NA,NA,NA,NA,NA,NA
GMU1_U_71,7/26/2021,11/1/2021,NA,NA,NA,NA,NA,NA,NA,NA
GMU1_U_72,4/30/2021,11/10/2021,NA,NA,NA,NA,NA,NA,NA,NA
GMU1_U_74,7/14/2021,11/5/2021,NA,NA,NA,NA,NA,NA,NA,NA
GMU1_U_75,7/24/2021,9/11/2021,NA,NA,NA,NA,NA,NA,NA,NA
GMU1_U_76,7/26/2021,11/4/2021,NA,NA,NA,NA,NA,NA,NA,NA
GMU1_U_77,7/18/2021,11/4/2021,NA,NA,NA,NA,NA,NA,NA,NA
GMU1_U_78,7/19/2021,9/16/2021,NA,NA,NA,NA,NA,NA,NA,NA
GMU1_U_79,7/27/2021,9/29/2021,NA,NA,NA,NA,NA,NA,NA,NA
GMU1_U_8,5/4/2021,9/12/2021,NA,NA,NA,NA,NA,NA,NA,NA
GMU1_U_80,7/1/2021,10/7/2021,NA,NA,NA,NA,NA,NA,NA,NA
GMU1_U_81,7/30/2021,11/6/2021,NA,NA,NA,NA,NA,NA,NA,NA
GMU1_U_82,6/3/2021,10/14/2021,NA,NA,NA,NA,NA,NA,NA,NA
GMU1_U_83,7/21/2021,9/21/2021,NA,NA,NA,NA,NA,NA,NA,NA
GMU1_U_84,7/13/2021,9/28/2021,NA,NA,NA,NA,NA,NA,NA,NA
GMU1_U_85,7/29/2021,10/2/2021,NA,NA,NA,NA,NA,NA,NA,NA
GMU1_U_86,5/6/2021,10/27/2021,NA,NA,NA,NA,NA,NA,NA,NA
GMU1_U_87,7/13/2021,9/17/2021,NA,NA,NA,NA,NA,NA,NA,NA
GMU1_U_88,5/3/2021,9/25/2021,NA,NA,NA,NA,NA,NA,NA,NA
GMU1_U_89,7/20/2021,9/25/2021,NA,NA,NA,NA,NA,NA,NA,NA
GMU1_U_9,7/20/2021,9/26/2021,8/21/2021,8/25/2021,9/19/2021,9/21/2021,NA,NA,NA,NA
GMU1_U_90,7/6/2021,9/30/2021,NA,NA,NA,NA,NA,NA,NA,NA
GMU1_U_91,7/28/2021,10/19/2021,NA,NA,NA,NA,NA,NA,NA,NA
GMU1_U_92,7/22/2021,10/16/2021,NA,NA,NA,NA,NA,NA,NA,NA
GMU1_U_93,7/14/2021,9/30/2021,NA,NA,NA,NA,NA,NA,NA,NA
GMU1_U_94,7/1/2021,10/10/2021,NA,NA,NA,NA,NA,NA,NA,NA
GMU1_U_95,7/13/2021,9/23/2021,NA,NA,NA,NA,NA,NA,NA,NA
GMU1_U_96,7/23/2021,11/3/2021,NA,NA,NA,NA,NA,NA,NA,NA
GMU1_U_97,7/27/2021,9/26/2021,NA,NA,NA,NA,NA,NA,NA,NA
GMU1_U_98,7/30/2021,11/1/2021,NA,NA,NA,NA,NA,NA,NA,NA
GMU1_U_99,6/4/2021,10/19/2021,NA,NA,NA,NA,NA,NA,NA,NA
GMU10A_P_10,5/1/2021,9/24/2021,NA,NA,NA,NA,NA,NA,NA,NA
GMU10A_P_101,6/27/2021,10/12/2021,NA,NA,NA,NA,NA,NA,NA,NA
GMU10A_P_102,6/29/2021,10/8/2021,NA,NA,NA,NA,NA,NA,NA,NA
GMU10A_P_103,7/6/2021,10/11/2021,NA,NA,NA,NA,NA,NA,NA,NA
GMU10A_P_104,5/1/2021,11/5/2021,NA,NA,NA,NA,NA,NA,NA,NA
GMU10A_P_105,5/1/2021,10/14/2021,NA,NA,NA,NA,NA,NA,NA,NA
GMU10A_P_107,5/1/2021,10/9/2021,NA,NA,NA,NA,NA,NA,NA,NA
GMU10A_P_108,5/1/2021,11/4/2021,NA,NA,NA,NA,NA,NA,NA,NA
GMU10A_P_109,6/24/2021,10/5/2021,NA,NA,NA,NA,NA,NA,NA,NA
GMU10A_P_11,5/2/2021,9/25/2021,NA,NA,NA,NA,NA,NA,NA,NA
GMU10A_P_110,5/1/2021,10/12/2021,NA,NA,NA,NA,NA,NA,NA,NA
GMU10A_P_111,5/1/2021,10/8/2021,NA,NA,NA,NA,NA,NA,NA,NA
GMU10A_P_112,5/1/2021,9/16/2021,NA,NA,NA,NA,NA,NA,NA,NA
GMU10A_P_12,5/1/2021,10/10/2021,NA,NA,NA,NA,NA,NA,NA,NA
GMU10A_P_14,5/1/2021,10/26/2021,NA,NA,NA,NA,NA,NA,NA,NA
GMU10A_P_15,5/1/2021,10/7/2021,9/19/2021,9/20/2021,NA,NA,NA,NA,NA,NA
GMU10A_P_16,5/1/2021,10/15/2021,NA,NA,NA,NA,NA,NA,NA,NA
GMU10A_P_17,5/1/2021,11/2/2021,NA,NA,NA,NA,NA,NA,NA,NA
GMU10A_P_18,5/1/2021,6/30/2021,NA,NA,NA,NA,NA,NA,NA,NA
GMU10A_P_20,5/1/2021,10/9/2021,NA,NA,NA,NA,NA,NA,NA,NA
GMU10A_P_21,5/1/2021,9/20/2021,NA,NA,NA,NA,NA,NA,NA,NA
GMU10A_P_22,7/1/2021,11/1/2021,NA,NA,NA,NA,NA,NA,NA,NA
GMU10A_P_23,5/1/2021,11/9/2021,NA,NA,NA,NA,NA,NA,NA,NA
GMU10A_P_24,5/1/2021,11/10/2021,NA,NA,NA,NA,NA,NA,NA,NA
GMU10A_P_25,5/1/2021,10/18/2021,NA,NA,NA,NA,NA,NA,NA,NA
GMU10A_P_26,5/1/2021,6/14/2021,NA,NA,NA,NA,NA,NA,NA,NA
GMU10A_P_27,5/1/2021,10/8/2021,NA,NA,NA,NA,NA,NA,NA,NA
GMU10A_P_28,5/1/2021,9/21/2021,NA,NA,NA,NA,NA,NA,NA,NA
GMU10A_P_29,5/5/2021,9/17/2021,NA,NA,NA,NA,NA,NA,NA,NA
GMU10A_P_30,5/1/2021,10/21/2021,NA,NA,NA,NA,NA,NA,NA,NA
GMU10A_P_31,5/1/2021,10/8/2021,NA,NA,NA,NA,NA,NA,NA,NA
GMU10A_P_32,6/30/2021,11/9/2021,NA,NA,NA,NA,NA,NA,NA,NA
GMU10A_P_34,5/1/2021,10/19/2021,NA,NA,NA,NA,NA,NA,NA,NA
GMU10A_P_36,5/1/2021,10/13/2021,NA,NA,NA,NA,NA,NA,NA,NA
GMU10A_P_37,6/27/2021,10/12/2021,NA,NA,NA,NA,NA,NA,NA,NA
GMU10A_P_38,7/2/2021,10/9/2021,NA,NA,NA,NA,NA,NA,NA,NA
GMU10A_P_39,5/1/2021,10/9/2021,NA,NA,NA,NA,NA,NA,NA,NA
GMU10A_P_4,4/27/2021,10/6/2021,NA,NA,NA,NA,NA,NA,NA,NA
GMU10A_P_40,5/1/2021,10/6/2021,NA,NA,NA,NA,NA,NA,NA,NA
GMU10A_P_41,6/30/2021,9/25/2021,NA,NA,NA,NA,NA,NA,NA,NA
GMU10A_P_43,6/22/2021,10/8/2021,NA,NA,NA,NA,NA,NA,NA,NA
GMU10A_P_45,5/1/2021,10/20/2021,NA,NA,NA,NA,NA,NA,NA,NA
GMU10A_P_46,5/1/2021,10/20/2021,NA,NA,NA,NA,NA,NA,NA,NA
GMU10A_P_47,6/18/2021,10/12/2021,NA,NA,NA,NA,NA,NA,NA,NA
GMU10A_P_48,5/1/2021,11/9/2021,NA,NA,NA,NA,NA,NA,NA,NA
GMU10A_P_49,5/5/2021,8/4/2021,7/18/2021,8/4/2021,NA,NA,NA,NA,NA,NA
GMU10A_P_5,5/1/2021,9/15/2021,NA,NA,NA,NA,NA,NA,NA,NA
GMU10A_P_50,7/6/2021,9/22/2021,NA,NA,NA,NA,NA,NA,NA,NA
GMU10A_P_51,5/1/2021,10/10/2021,NA,NA,NA,NA,NA,NA,NA,NA
GMU10A_P_52,5/1/2021,10/10/2021,NA,NA,NA,NA,NA,NA,NA,NA
GMU10A_P_53,5/1/2021,10/29/2021,NA,NA,NA,NA,NA,NA,NA,NA
GMU10A_P_54,5/1/2021,10/8/2021,NA,NA,NA,NA,NA,NA,NA,NA
GMU10A_P_55,5/1/2021,10/10/2021,NA,NA,NA,NA,NA,NA,NA,NA
GMU10A_P_56,5/1/2021,9/21/2021,NA,NA,NA,NA,NA,NA,NA,NA
GMU10A_P_57,5/1/2021,6/30/2021,NA,NA,NA,NA,NA,NA,NA,NA
GMU10A_P_59,5/1/2021,9/28/2021,5/7/2021,5/8/2021,8/2/2021,8/13/2021,8/17/2021,8/22/2021,8/25/2021,8/27/2021
GMU10A_P_6,7/5/2021,9/22/2021,NA,NA,NA,NA,NA,NA,NA,NA
GMU10A_P_60,5/1/2021,11/11/2021,NA,NA,NA,NA,NA,NA,NA,NA
GMU10A_P_61,7/1/2021,7/14/2021,NA,NA,NA,NA,NA,NA,NA,NA
GMU10A_P_62,5/1/2021,9/24/2021,NA,NA,NA,NA,NA,NA,NA,NA
GMU10A_P_63,5/1/2021,10/7/2021,NA,NA,NA,NA,NA,NA,NA,NA
GMU10A_P_64,5/1/2021,10/17/2021,NA,NA,NA,NA,NA,NA,NA,NA
GMU10A_P_65,5/1/2021,10/3/2021,5/1/2021,5/26/2021,NA,NA,NA,NA,NA,NA
GMU10A_P_66,5/9/2021,9/25/2021,NA,NA,NA,NA,NA,NA,NA,NA
GMU10A_P_67,6/18/2021,10/9/2021,NA,NA,NA,NA,NA,NA,NA,NA
GMU10A_P_68,5/1/2021,10/28/2021,NA,NA,NA,NA,NA,NA,NA,NA
GMU10A_P_69,5/1/2021,10/24/2021,NA,NA,NA,NA,NA,NA,NA,NA
GMU10A_P_7,5/1/2021,8/31/2021,NA,NA,NA,NA,NA,NA,NA,NA
GMU10A_P_71,5/1/2021,10/12/2021,NA,NA,NA,NA,NA,NA,NA,NA
GMU10A_P_72,6/30/2021,10/20/2021,NA,NA,NA,NA,NA,NA,NA,NA
GMU10A_P_75,5/1/2021,11/3/2021,NA,NA,NA,NA,NA,NA,NA,NA
GMU10A_P_76,5/1/2021,10/12/2021,NA,NA,NA,NA,NA,NA,NA,NA
GMU10A_P_77,5/1/2021,11/8/2021,NA,NA,NA,NA,NA,NA,NA,NA
GMU10A_P_78,5/1/2021,10/12/2021,NA,NA,NA,NA,NA,NA,NA,NA
GMU10A_P_79,5/1/2021,10/12/2021,NA,NA,NA,NA,NA,NA,NA,NA
GMU10A_P_8,5/1/2021,10/10/2021,NA,NA,NA,NA,NA,NA,NA,NA
GMU10A_P_80,5/18/2021,10/30/2021,NA,NA,NA,NA,NA,NA,NA,NA
GMU10A_P_82,5/1/2021,9/23/2021,NA,NA,NA,NA,NA,NA,NA,NA
GMU10A_P_83,5/1/2021,7/7/2021,NA,NA,NA,NA,NA,NA,NA,NA
GMU10A_P_84,5/1/2021,10/31/2021,NA,NA,NA,NA,NA,NA,NA,NA
GMU10A_P_85,5/16/2021,9/30/2021,NA,NA,NA,NA,NA,NA,NA,NA
GMU10A_P_86,6/30/2021,9/25/2021,NA,NA,NA,NA,NA,NA,NA,NA
GMU10A_P_87,7/7/2021,10/9/2021,NA,NA,NA,NA,NA,NA,NA,NA
GMU10A_P_88,5/1/2021,10/20/2021,NA,NA,NA,NA,NA,NA,NA,NA
GMU10A_P_89,7/5/2021,9/14/2021,NA,NA,NA,NA,NA,NA,NA,NA
GMU10A_P_93,6/23/2021,10/21/2021,NA,NA,NA,NA,NA,NA,NA,NA
GMU10A_P_94,5/1/2021,10/16/2021,NA,NA,NA,NA,NA,NA,NA,NA
GMU10A_P_95,5/1/2021,10/7/2021,NA,NA,NA,NA,NA,NA,NA,NA
GMU10A_P_96,5/1/2021,10/4/2021,NA,NA,NA,NA,NA,NA,NA,NA
GMU10A_P_97,7/5/2021,9/15/2021,NA,NA,NA,NA,NA,NA,NA,NA
GMU10A_P_98,5/15/2021,9/22/2021,NA,NA,NA,NA,NA,NA,NA,NA
GMU10A_P_99,5/1/2021,10/11/2021,NA,NA,NA,NA,NA,NA,NA,NA
GMU10A_U_10,5/1/2021,9/24/2021,NA,NA,NA,NA,NA,NA,NA,NA
GMU10A_U_101,6/27/2021,10/12/2021,NA,NA,NA,NA,NA,NA,NA,NA
GMU10A_U_102,6/29/2021,10/8/2021,NA,NA,NA,NA,NA,NA,NA,NA
GMU10A_U_103,7/6/2021,10/11/2021,NA,NA,NA,NA,NA,NA,NA,NA
GMU10A_U_104,5/1/2021,9/27/2021,NA,NA,NA,NA,NA,NA,NA,NA
GMU10A_U_105,5/1/2021,10/14/2021,NA,NA,NA,NA,NA,NA,NA,NA
GMU10A_U_107,5/1/2021,10/9/2021,NA,NA,NA,NA,NA,NA,NA,NA
GMU10A_U_108,5/1/2021,11/4/2021,NA,NA,NA,NA,NA,NA,NA,NA
GMU10A_U_109,6/24/2021,10/5/2021,NA,NA,NA,NA,NA,NA,NA,NA
GMU10A_U_11,5/2/2021,5/9/2021,NA,NA,NA,NA,NA,NA,NA,NA
GMU10A_U_110,5/1/2021,8/7/2021,NA,NA,NA,NA,NA,NA,NA,NA
GMU10A_U_111,5/1/2021,10/8/2021,NA,NA,NA,NA,NA,NA,NA,NA
GMU10A_U_112,5/1/2021,9/16/2021,NA,NA,NA,NA,NA,NA,NA,NA
GMU10A_U_116,5/1/2021,9/18/2021,NA,NA,NA,NA,NA,NA,NA,NA
GMU10A_U_118,5/1/2021,10/20/2021,NA,NA,NA,NA,NA,NA,NA,NA
GMU10A_U_119,5/18/2021,10/8/2021,NA,NA,NA,NA,NA,NA,NA,NA
GMU10A_U_12,5/1/2021,2/15/2022,10/10/2021,2/15/2022,NA,NA,NA,NA,NA,NA
GMU10A_U_120,5/1/2021,10/28/2021,NA,NA,NA,NA,NA,NA,NA,NA
GMU10A_U_121,5/1/2021,9/30/2021,NA,NA,NA,NA,NA,NA,NA,NA
GMU10A_U_122,6/29/2021,9/24/2021,NA,NA,NA,NA,NA,NA,NA,NA
GMU10A_U_123,5/5/2021,9/25/2021,NA,NA,NA,NA,NA,NA,NA,NA
GMU10A_U_125,5/1/2021,5/1/2021,5/1/2021,5/1/2021,NA,NA,NA,NA,NA,NA
GMU10A_U_127,5/1/2021,10/12/2021,NA,NA,NA,NA,NA,NA,NA,NA
GMU10A_U_128,7/2/2021,8/15/2021,8/15/2021,8/15/2021,NA,NA,NA,NA,NA,NA
GMU10A_U_129,5/1/2021,9/22/2021,NA,NA,NA,NA,NA,NA,NA,NA
GMU10A_U_13,5/1/2021,10/14/2021,NA,NA,NA,NA,NA,NA,NA,NA
GMU10A_U_130,7/2/2021,10/19/2021,NA,NA,NA,NA,NA,NA,NA,NA
GMU10A_U_131,5/1/2021,10/17/2021,NA,NA,NA,NA,NA,NA,NA,NA
GMU10A_U_132,10/19/2020,10/9/2021,10/19/2020,5/1/2021,NA,NA,NA,NA,NA,NA
GMU10A_U_133,5/1/2021,9/29/2021,7/6/2021,9/29/2021,NA,NA,NA,NA,NA,NA
GMU10A_U_134,5/1/2021,9/18/2021,NA,NA,NA,NA,NA,NA,NA,NA
GMU10A_U_135,5/1/2021,6/6/2021,NA,NA,NA,NA,NA,NA,NA,NA
GMU10A_U_136,5/1/2021,10/30/2021,NA,NA,NA,NA,NA,NA,NA,NA
GMU10A_U_137,7/5/2021,10/20/2021,NA,NA,NA,NA,NA,NA,NA,NA
GMU10A_U_138,5/1/2021,11/2/2021,NA,NA,NA,NA,NA,NA,NA,NA
GMU10A_U_139,6/22/2021,9/5/2021,NA,NA,NA,NA,NA,NA,NA,NA
GMU10A_U_14,5/1/2021,10/26/2021,NA,NA,NA,NA,NA,NA,NA,NA
GMU10A_U_140,5/1/2021,8/5/2021,NA,NA,NA,NA,NA,NA,NA,NA
GMU10A_U_141,5/1/2021,9/22/2021,NA,NA,NA,NA,NA,NA,NA,NA
GMU10A_U_142,5/1/2021,11/3/2021,NA,NA,NA,NA,NA,NA,NA,NA
GMU10A_U_143,5/1/2021,10/12/2021,NA,NA,NA,NA,NA,NA,NA,NA
GMU10A_U_144,5/1/2021,11/4/2021,NA,NA,NA,NA,NA,NA,NA,NA
GMU10A_U_146,6/29/2021,9/24/2021,NA,NA,NA,NA,NA,NA,NA,NA
GMU10A_U_147,5/1/2021,10/11/2021,NA,NA,NA,NA,NA,NA,NA,NA
GMU10A_U_148,5/1/2021,9/21/2021,NA,NA,NA,NA,NA,NA,NA,NA
GMU10A_U_149,6/30/2021,10/24/2021,NA,NA,NA,NA,NA,NA,NA,NA
GMU10A_U_15,5/1/2021,9/1/2021,NA,NA,NA,NA,NA,NA,NA,NA
GMU10A_U_151,5/1/2021,10/7/2021,NA,NA,NA,NA,NA,NA,NA,NA
GMU10A_U_153,6/26/2021,9/29/2021,NA,NA,NA,NA,NA,NA,NA,NA
GMU10A_U_154,7/6/2021,9/24/2021,NA,NA,NA,NA,NA,NA,NA,NA
GMU10A_U_155,5/1/2021,9/25/2021,NA,NA,NA,NA,NA,NA,NA,NA
GMU10A_U_157,7/2/2021,10/6/2021,NA,NA,NA,NA,NA,NA,NA,NA
GMU10A_U_158,5/1/2021,10/19/2021,NA,NA,NA,NA,NA,NA,NA,NA
GMU10A_U_16,5/1/2021,10/15/2021,NA,NA,NA,NA,NA,NA,NA,NA
GMU10A_U_160,5/1/2021,10/17/2021,NA,NA,NA,NA,NA,NA,NA,NA
GMU10A_U_162,5/1/2021,9/17/2021,NA,NA,NA,NA,NA,NA,NA,NA
GMU10A_U_164,5/1/2021,10/17/2021,NA,NA,NA,NA,NA,NA,NA,NA
GMU10A_U_165,7/1/2021,9/27/2021,NA,NA,NA,NA,NA,NA,NA,NA
GMU10A_U_166,6/29/2021,9/23/2021,NA,NA,NA,NA,NA,NA,NA,NA
GMU10A_U_167,5/1/2021,10/8/2021,NA,NA,NA,NA,NA,NA,NA,NA
GMU10A_U_169,5/1/2021,9/22/2021,NA,NA,NA,NA,NA,NA,NA,NA
GMU10A_U_17,5/1/2021,11/2/2021,NA,NA,NA,NA,NA,NA,NA,NA
GMU10A_U_170,6/30/2021,9/27/2021,NA,NA,NA,NA,NA,NA,NA,NA
GMU10A_U_171,5/1/2021,9/18/2021,NA,NA,NA,NA,NA,NA,NA,NA
GMU10A_U_172,7/8/2021,10/11/2021,NA,NA,NA,NA,NA,NA,NA,NA
GMU10A_U_18,5/1/2021,10/14/2021,NA,NA,NA,NA,NA,NA,NA,NA
GMU10A_U_20,5/1/2021,10/9/2021,NA,NA,NA,NA,NA,NA,NA,NA
GMU10A_U_21,5/1/2021,9/20/2021,NA,NA,NA,NA,NA,NA,NA,NA
GMU10A_U_22,7/1/2021,11/1/2021,NA,NA,NA,NA,NA,NA,NA,NA
GMU10A_U_23,5/1/2021,11/9/2021,NA,NA,NA,NA,NA,NA,NA,NA
GMU10A_U_24,5/1/2021,11/4/2021,NA,NA,NA,NA,NA,NA,NA,NA
GMU10A_U_25,5/1/2021,10/18/2021,NA,NA,NA,NA,NA,NA,NA,NA
GMU10A_U_26,5/1/2021,11/8/2021,NA,NA,NA,NA,NA,NA,NA,NA
GMU10A_U_27,5/1/2021,10/8/2021,NA,NA,NA,NA,NA,NA,NA,NA
GMU10A_U_28,5/1/2021,9/21/2021,NA,NA,NA,NA,NA,NA,NA,NA
GMU10A_U_29,5/1/2021,5/26/2021,NA,NA,NA,NA,NA,NA,NA,NA
GMU10A_U_30,5/1/2021,10/21/2021,NA,NA,NA,NA,NA,NA,NA,NA
GMU10A_U_31,5/1/2021,10/8/2021,NA,NA,NA,NA,NA,NA,NA,NA
GMU10A_U_32,6/30/2021,11/9/2021,NA,NA,NA,NA,NA,NA,NA,NA
GMU10A_U_34,5/1/2021,10/19/2021,NA,NA,NA,NA,NA,NA,NA,NA
GMU10A_U_36,5/1/2021,10/13/2021,NA,NA,NA,NA,NA,NA,NA,NA
GMU10A_U_37,6/27/2021,10/12/2021,NA,NA,NA,NA,NA,NA,NA,NA
GMU10A_U_38,7/2/2021,10/9/2021,NA,NA,NA,NA,NA,NA,NA,NA
GMU10A_U_39,5/1/2021,5/13/2021,NA,NA,NA,NA,NA,NA,NA,NA
GMU10A_U_4,5/1/2021,10/6/2021,NA,NA,NA,NA,NA,NA,NA,NA
GMU10A_U_40,5/1/2021,6/5/2021,NA,NA,NA,NA,NA,NA,NA,NA
GMU10A_U_41,6/30/2021,9/25/2021,NA,NA,NA,NA,NA,NA,NA,NA
GMU10A_U_43,6/22/2021,10/8/2021,NA,NA,NA,NA,NA,NA,NA,NA
GMU10A_U_45,5/1/2021,10/20/2021,NA,NA,NA,NA,NA,NA,NA,NA
GMU10A_U_46,5/1/2021,6/5/2021,NA,NA,NA,NA,NA,NA,NA,NA
GMU10A_U_47,6/18/2021,10/12/2021,NA,NA,NA,NA,NA,NA,NA,NA
GMU10A_U_48,5/1/2021,8/26/2021,NA,NA,NA,NA,NA,NA,NA,NA
GMU10A_U_49,5/1/2021,10/3/2021,5/1/2021,5/13/2021,NA,NA,NA,NA,NA,NA
GMU10A_U_5,5/1/2021,9/15/2021,NA,NA,NA,NA,NA,NA,NA,NA
GMU10A_U_50,7/6/2021,9/23/2021,NA,NA,NA,NA,NA,NA,NA,NA
GMU10A_U_51,5/1/2021,10/10/2021,NA,NA,NA,NA,NA,NA,NA,NA
GMU10A_U_52,5/1/2021,6/21/2021,NA,NA,NA,NA,NA,NA,NA,NA
GMU10A_U_54,5/1/2021,10/8/2021,5/1/2021,5/14/2021,NA,NA,NA,NA,NA,NA
GMU10A_U_55,5/1/2021,10/10/2021,NA,NA,NA,NA,NA,NA,NA,NA
GMU10A_U_56,5/1/2021,9/21/2021,NA,NA,NA,NA,NA,NA,NA,NA
GMU10A_U_57,5/1/2021,10/14/2021,NA,NA,NA,NA,NA,NA,NA,NA
GMU10A_U_59,6/1/2021,9/28/2021,NA,NA,NA,NA,NA,NA,NA,NA
GMU10A_U_6,7/5/2021,9/23/2021,NA,NA,NA,NA,NA,NA,NA,NA
GMU10A_U_60,5/1/2021,11/11/2021,NA,NA,NA,NA,NA,NA,NA,NA
GMU10A_U_61,7/1/2021,10/18/2021,NA,NA,NA,NA,NA,NA,NA,NA
GMU10A_U_62,5/1/2021,11/8/2021,NA,NA,NA,NA,NA,NA,NA,NA
GMU10A_U_63,5/1/2021,10/7/2021,NA,NA,NA,NA,NA,NA,NA,NA
GMU10A_U_64,5/1/2021,10/17/2021,NA,NA,NA,NA,NA,NA,NA,NA
GMU10A_U_65,6/2/2021,10/3/2021,6/2/2021,6/5/2021,NA,NA,NA,NA,NA,NA
GMU10A_U_66,5/9/2021,9/24/2021,NA,NA,NA,NA,NA,NA,NA,NA
GMU10A_U_67,6/18/2021,10/9/2021,NA,NA,NA,NA,NA,NA,NA,NA
GMU10A_U_68,5/1/2021,12/30/2021,10/28/2021,12/30/2021,NA,NA,NA,NA,NA,NA
GMU10A_U_69,5/1/2021,10/24/2021,NA,NA,NA,NA,NA,NA,NA,NA
GMU10A_U_7,5/1/2021,11/9/2021,NA,NA,NA,NA,NA,NA,NA,NA
GMU10A_U_71,5/1/2021,10/12/2021,NA,NA,NA,NA,NA,NA,NA,NA
GMU10A_U_72,5/1/2021,10/8/2021,NA,NA,NA,NA,NA,NA,NA,NA
GMU10A_U_73,5/1/2021,9/20/2021,5/1/2021,9/20/2021,NA,NA,NA,NA,NA,NA
GMU10A_U_76,5/1/2021,10/12/2021,NA,NA,NA,NA,NA,NA,NA,NA
GMU10A_U_77,5/1/2021,9/22/2021,NA,NA,NA,NA,NA,NA,NA,NA
GMU10A_U_78,5/1/2021,10/4/2021,NA,NA,NA,NA,NA,NA,NA,NA
GMU10A_U_79,5/1/2021,10/12/2021,NA,NA,NA,NA,NA,NA,NA,NA
GMU10A_U_8,5/1/2021,10/10/2021,NA,NA,NA,NA,NA,NA,NA,NA
GMU10A_U_80,5/18/2021,10/30/2021,NA,NA,NA,NA,NA,NA,NA,NA
GMU10A_U_82,5/1/2021,9/23/2021,NA,NA,NA,NA,NA,NA,NA,NA
GMU10A_U_83,5/1/2021,9/19/2021,NA,NA,NA,NA,NA,NA,NA,NA
GMU10A_U_84,5/1/2021,8/31/2021,NA,NA,NA,NA,NA,NA,NA,NA
GMU10A_U_85,5/1/2021,9/30/2021,NA,NA,NA,NA,NA,NA,NA,NA
GMU10A_U_86,6/30/2021,10/8/2021,NA,NA,NA,NA,NA,NA,NA,NA
GMU10A_U_87,7/7/2021,10/9/2021,NA,NA,NA,NA,NA,NA,NA,NA
GMU10A_U_88,5/1/2021,10/20/2021,NA,NA,NA,NA,NA,NA,NA,NA
GMU10A_U_89,7/5/2021,10/20/2021,NA,NA,NA,NA,NA,NA,NA,NA
GMU10A_U_9,6/26/2021,7/9/2021,NA,NA,NA,NA,NA,NA,NA,NA
GMU10A_U_92,5/1/2021,7/3/2021,NA,NA,NA,NA,NA,NA,NA,NA
GMU10A_U_93,6/23/2021,10/21/2021,NA,NA,NA,NA,NA,NA,NA,NA
GMU10A_U_94,5/1/2021,11/10/2021,NA,NA,NA,NA,NA,NA,NA,NA
GMU10A_U_95,5/1/2021,10/7/2021,NA,NA,NA,NA,NA,NA,NA,NA
GMU10A_U_96,5/1/2021,10/13/2021,NA,NA,NA,NA,NA,NA,NA,NA
GMU10A_U_97,7/5/2021,9/15/2021,NA,NA,NA,NA,NA,NA,NA,NA
GMU10A_U_98,5/1/2021,10/29/2021,NA,NA,NA,NA,NA,NA,NA,NA
GMU10A_U_99,5/1/2021,10/11/2021,NA,NA,NA,NA,NA,NA,NA,NA
GMU6_P_1,5/1/2021,9/21/2021,NA,NA,NA,NA,NA,NA,NA,NA
GMU6_P_10,7/9/2021,10/18/2021,NA,NA,NA,NA,NA,NA,NA,NA
GMU6_P_100,5/1/2021,10/14/2021,NA,NA,NA,NA,NA,NA,NA,NA
GMU6_P_101,5/1/2021,10/22/2021,NA,NA,NA,NA,NA,NA,NA,NA
GMU6_P_102,7/6/2021,9/23/2021,NA,NA,NA,NA,NA,NA,NA,NA
GMU6_P_103,5/1/2021,10/13/2021,NA,NA,NA,NA,NA,NA,NA,NA
GMU6_P_104,5/1/2021,11/4/2021,NA,NA,NA,NA,NA,NA,NA,NA
GMU6_P_105,7/9/2021,10/25/2021,NA,NA,NA,NA,NA,NA,NA,NA
GMU6_P_107,5/1/2021,10/21/2021,NA,NA,NA,NA,NA,NA,NA,NA
GMU6_P_109,5/1/2021,10/28/2021,NA,NA,NA,NA,NA,NA,NA,NA
GMU6_P_11,5/1/2021,10/14/2021,6/14/2021,6/17/2021,NA,NA,NA,NA,NA,NA
GMU6_P_12,5/1/2021,10/8/2021,NA,NA,NA,NA,NA,NA,NA,NA
GMU6_P_13,5/1/2021,10/21/2021,NA,NA,NA,NA,NA,NA,NA,NA
GMU6_P_14,7/8/2021,9/20/2021,NA,NA,NA,NA,NA,NA,NA,NA
GMU6_P_16,5/1/2021,10/4/2021,NA,NA,NA,NA,NA,NA,NA,NA
GMU6_P_17,5/1/2021,10/27/2021,NA,NA,NA,NA,NA,NA,NA,NA
GMU6_P_18,5/1/2021,10/7/2021,NA,NA,NA,NA,NA,NA,NA,NA
GMU6_P_2,5/5/2021,8/31/2021,NA,NA,NA,NA,NA,NA,NA,NA
GMU6_P_21,5/1/2021,9/17/2021,NA,NA,NA,NA,NA,NA,NA,NA
GMU6_P_22,5/1/2021,10/18/2021,NA,NA,NA,NA,NA,NA,NA,NA
GMU6_P_23,5/1/2021,10/13/2021,NA,NA,NA,NA,NA,NA,NA,NA
GMU6_P_24,5/1/2021,10/28/2021,6/29/2021,6/30/2021,NA,NA,NA,NA,NA,NA
GMU6_P_25,6/28/2021,10/5/2021,NA,NA,NA,NA,NA,NA,NA,NA
GMU6_P_26,7/7/2021,10/6/2021,NA,NA,NA,NA,NA,NA,NA,NA
GMU6_P_27,5/1/2021,9/4/2021,NA,NA,NA,NA,NA,NA,NA,NA
GMU6_P_28,5/1/2021,10/5/2021,NA,NA,NA,NA,NA,NA,NA,NA
GMU6_P_3,5/1/2021,10/1/2021,NA,NA,NA,NA,NA,NA,NA,NA
GMU6_P_30,7/2/2021,9/20/2021,NA,NA,NA,NA,NA,NA,NA,NA
GMU6_P_31,5/1/2021,10/27/2021,NA,NA,NA,NA,NA,NA,NA,NA
GMU6_P_32,6/5/2021,10/1/2021,6/5/2021,6/8/2021,NA,NA,NA,NA,NA,NA
GMU6_P_33,7/1/2021,9/29/2021,NA,NA,NA,NA,NA,NA,NA,NA
GMU6_P_34,5/1/2021,10/30/2021,NA,NA,NA,NA,NA,NA,NA,NA
GMU6_P_35,5/1/2021,9/23/2021,NA,NA,NA,NA,NA,NA,NA,NA
GMU6_P_36,5/12/2021,10/23/2021,NA,NA,NA,NA,NA,NA,NA,NA
GMU6_P_37,5/1/2021,9/22/2021,NA,NA,NA,NA,NA,NA,NA,NA
GMU6_P_38,7/7/2021,9/28/2021,NA,NA,NA,NA,NA,NA,NA,NA
GMU6_P_4,5/1/2021,6/28/2021,NA,NA,NA,NA,NA,NA,NA,NA
GMU6_P_40,5/1/2021,11/7/2021,NA,NA,NA,NA,NA,NA,NA,NA
GMU6_P_41,6/28/2021,9/17/2021,NA,NA,NA,NA,NA,NA,NA,NA
GMU6_P_42,7/9/2021,10/28/2021,NA,NA,NA,NA,NA,NA,NA,NA
GMU6_P_43,5/1/2021,10/27/2021,NA,NA,NA,NA,NA,NA,NA,NA
GMU6_P_44,5/1/2021,11/3/2021,NA,NA,NA,NA,NA,NA,NA,NA
GMU6_P_45,5/1/2021,9/28/2021,9/18/2021,9/28/2021,NA,NA,NA,NA,NA,NA
GMU6_P_46,6/16/2021,10/27/2021,NA,NA,NA,NA,NA,NA,NA,NA
GMU6_P_49,5/1/2021,9/15/2021,NA,NA,NA,NA,NA,NA,NA,NA
GMU6_P_5,5/1/2021,10/18/2021,9/15/2021,10/18/2021,NA,NA,NA,NA,NA,NA
GMU6_P_50,5/5/2021,11/1/2021,NA,NA,NA,NA,NA,NA,NA,NA
GMU6_P_51,5/1/2021,10/14/2021,NA,NA,NA,NA,NA,NA,NA,NA
GMU6_P_53,5/1/2021,9/22/2021,NA,NA,NA,NA,NA,NA,NA,NA
GMU6_P_54,7/6/2021,9/23/2021,NA,NA,NA,NA,NA,NA,NA,NA
GMU6_P_55,6/29/2021,10/7/2021,NA,NA,NA,NA,NA,NA,NA,NA
GMU6_P_56,5/1/2021,11/4/2021,NA,NA,NA,NA,NA,NA,NA,NA
GMU6_P_57,5/1/2021,9/2/2021,NA,NA,NA,NA,NA,NA,NA,NA
GMU6_P_58,7/8/2021,10/26/2021,NA,NA,NA,NA,NA,NA,NA,NA
GMU6_P_59,5/5/2021,10/21/2021,NA,NA,NA,NA,NA,NA,NA,NA
GMU6_P_6,5/5/2021,10/18/2021,NA,NA,NA,NA,NA,NA,NA,NA
GMU6_P_60,5/1/2021,6/29/2021,NA,NA,NA,NA,NA,NA,NA,NA
GMU6_P_62,5/1/2021,10/28/2021,NA,NA,NA,NA,NA,NA,NA,NA
GMU6_P_63,5/12/2021,11/10/2021,NA,NA,NA,NA,NA,NA,NA,NA
GMU6_P_64,5/1/2021,10/19/2021,NA,NA,NA,NA,NA,NA,NA,NA
GMU6_P_65,7/1/2021,9/29/2021,NA,NA,NA,NA,NA,NA,NA,NA
GMU6_P_66,5/1/2021,10/14/2021,NA,NA,NA,NA,NA,NA,NA,NA
GMU6_P_67,5/15/2021,9/27/2021,NA,NA,NA,NA,NA,NA,NA,NA
GMU6_P_69,7/9/2021,11/3/2021,NA,NA,NA,NA,NA,NA,NA,NA
GMU6_P_7,7/2/2021,10/11/2021,NA,NA,NA,NA,NA,NA,NA,NA
GMU6_P_70,7/2/2021,10/6/2021,NA,NA,NA,NA,NA,NA,NA,NA
GMU6_P_71,5/1/2021,10/21/2021,NA,NA,NA,NA,NA,NA,NA,NA
GMU6_P_72,5/1/2021,9/18/2021,NA,NA,NA,NA,NA,NA,NA,NA
GMU6_P_73,5/1/2021,9/16/2021,NA,NA,NA,NA,NA,NA,NA,NA
GMU6_P_74,5/5/2021,10/5/2021,NA,NA,NA,NA,NA,NA,NA,NA
GMU6_P_75,5/1/2021,10/13/2021,NA,NA,NA,NA,NA,NA,NA,NA
GMU6_P_76,9/27/2020,9/29/2021,9/27/2020,5/1/2021,NA,NA,NA,NA,NA,NA
GMU6_P_77,7/8/2021,10/1/2021,NA,NA,NA,NA,NA,NA,NA,NA
GMU6_P_78,5/1/2021,10/14/2021,NA,NA,NA,NA,NA,NA,NA,NA
GMU6_P_79,7/5/2021,9/20/2021,NA,NA,NA,NA,NA,NA,NA,NA
GMU6_P_8,5/1/2021,11/8/2021,NA,NA,NA,NA,NA,NA,NA,NA
GMU6_P_80,5/1/2021,10/8/2021,NA,NA,NA,NA,NA,NA,NA,NA
GMU6_P_81,7/10/2021,10/7/2021,NA,NA,NA,NA,NA,NA,NA,NA
GMU6_P_82,5/1/2021,10/29/2021,NA,NA,NA,NA,NA,NA,NA,NA
GMU6_P_83,5/1/2021,10/8/2021,NA,NA,NA,NA,NA,NA,NA,NA
GMU6_P_84,5/1/2021,10/18/2021,NA,NA,NA,NA,NA,NA,NA,NA
GMU6_P_85,5/1/2021,9/16/2021,NA,NA,NA,NA,NA,NA,NA,NA
GMU6_P_86,7/6/2021,10/11/2021,NA,NA,NA,NA,NA,NA,NA,NA
GMU6_P_87,5/1/2021,9/22/2021,NA,NA,NA,NA,NA,NA,NA,NA
GMU6_P_89,5/1/2021,9/17/2021,NA,NA,NA,NA,NA,NA,NA,NA
GMU6_P_9,7/7/2021,9/28/2021,NA,NA,NA,NA,NA,NA,NA,NA
GMU6_P_90,6/28/2021,7/2/2021,NA,NA,NA,NA,NA,NA,NA,NA
GMU6_P_94,5/1/2021,10/28/2021,NA,NA,NA,NA,NA,NA,NA,NA
GMU6_P_96,5/1/2021,10/18/2021,NA,NA,NA,NA,NA,NA,NA,NA
GMU6_P_97,7/8/2021,10/20/2021,NA,NA,NA,NA,NA,NA,NA,NA
GMU6_P_99,5/1/2021,9/17/2021,NA,NA,NA,NA,NA,NA,NA,NA
GMU6_U_1,5/1/2021,9/21/2021,NA,NA,NA,NA,NA,NA,NA,NA
GMU6_U_10,7/9/2021,10/18/2021,NA,NA,NA,NA,NA,NA,NA,NA
GMU6_U_100,5/1/2021,10/14/2021,NA,NA,NA,NA,NA,NA,NA,NA
GMU6_U_101,5/1/2021,10/22/2021,NA,NA,NA,NA,NA,NA,NA,NA
GMU6_U_102,7/6/2021,9/23/2021,NA,NA,NA,NA,NA,NA,NA,NA
GMU6_U_103,5/1/2021,10/13/2021,NA,NA,NA,NA,NA,NA,NA,NA
GMU6_U_104,5/1/2021,11/4/2021,NA,NA,NA,NA,NA,NA,NA,NA
GMU6_U_105,7/9/2021,10/25/2021,NA,NA,NA,NA,NA,NA,NA,NA
GMU6_U_107,5/1/2021,10/21/2021,NA,NA,NA,NA,NA,NA,NA,NA
GMU6_U_108,5/1/2021,10/14/2021,NA,NA,NA,NA,NA,NA,NA,NA
GMU6_U_109,5/1/2021,10/21/2021,NA,NA,NA,NA,NA,NA,NA,NA
GMU6_U_11,5/1/2021,10/14/2021,NA,NA,NA,NA,NA,NA,NA,NA
GMU6_U_111,5/8/2021,6/27/2021,NA,NA,NA,NA,NA,NA,NA,NA
GMU6_U_112,5/1/2021,5/5/2021,5/1/2021,5/5/2021,NA,NA,NA,NA,NA,NA
GMU6_U_113,5/21/2021,10/27/2021,NA,NA,NA,NA,NA,NA,NA,NA
GMU6_U_114,5/1/2021,5/23/2021,5/23/2021,5/23/2021,NA,NA,NA,NA,NA,NA
GMU6_U_115,5/1/2021,11/2/2021,NA,NA,NA,NA,NA,NA,NA,NA
GMU6_U_116,5/1/2021,10/21/2021,NA,NA,NA,NA,NA,NA,NA,NA
GMU6_U_117,7/13/2021,9/21/2021,NA,NA,NA,NA,NA,NA,NA,NA
GMU6_U_118,5/1/2021,10/18/2021,NA,NA,NA,NA,NA,NA,NA,NA
GMU6_U_119,5/16/2021,10/26/2021,NA,NA,NA,NA,NA,NA,NA,NA
GMU6_U_12,5/1/2021,9/6/2021,NA,NA,NA,NA,NA,NA,NA,NA
GMU6_U_120,5/1/2021,10/26/2021,NA,NA,NA,NA,NA,NA,NA,NA
GMU6_U_121,5/1/2021,5/3/2021,NA,NA,NA,NA,NA,NA,NA,NA
GMU6_U_122,7/9/2021,10/18/2021,NA,NA,NA,NA,NA,NA,NA,NA
GMU6_U_123,5/1/2021,9/27/2021,NA,NA,NA,NA,NA,NA,NA,NA
GMU6_U_124,5/1/2021,10/8/2021,NA,NA,NA,NA,NA,NA,NA,NA
GMU6_U_125,6/29/2021,10/21/2021,NA,NA,NA,NA,NA,NA,NA,NA
GMU6_U_126,7/10/2021,10/1/2021,NA,NA,NA,NA,NA,NA,NA,NA
GMU6_U_129,5/1/2021,9/21/2021,NA,NA,NA,NA,NA,NA,NA,NA
GMU6_U_13,5/1/2021,10/21/2021,NA,NA,NA,NA,NA,NA,NA,NA
GMU6_U_131,9/30/2020,10/14/2021,9/30/2020,5/1/2021,NA,NA,NA,NA,NA,NA
GMU6_U_132,5/1/2021,10/29/2021,NA,NA,NA,NA,NA,NA,NA,NA
GMU6_U_133,5/1/2021,9/16/2021,NA,NA,NA,NA,NA,NA,NA,NA
GMU6_U_134,5/1/2021,10/5/2021,NA,NA,NA,NA,NA,NA,NA,NA
GMU6_U_135,5/1/2021,10/14/2021,NA,NA,NA,NA,NA,NA,NA,NA
GMU6_U_136,5/1/2021,10/30/2021,NA,NA,NA,NA,NA,NA,NA,NA
GMU6_U_137,7/10/2021,10/5/2021,NA,NA,NA,NA,NA,NA,NA,NA
GMU6_U_138,7/7/2021,11/2/2021,NA,NA,NA,NA,NA,NA,NA,NA
GMU6_U_14,7/8/2021,9/20/2021,NA,NA,NA,NA,NA,NA,NA,NA
GMU6_U_140,5/1/2021,10/21/2021,10/13/2021,10/14/2021,NA,NA,NA,NA,NA,NA
GMU6_U_141,5/1/2021,9/28/2021,NA,NA,NA,NA,NA,NA,NA,NA
GMU6_U_142,5/1/2021,10/14/2021,NA,NA,NA,NA,NA,NA,NA,NA
GMU6_U_143,7/5/2021,11/2/2021,NA,NA,NA,NA,NA,NA,NA,NA
GMU6_U_144,5/1/2021,10/8/2021,NA,NA,NA,NA,NA,NA,NA,NA
GMU6_U_145,5/1/2021,9/16/2021,NA,NA,NA,NA,NA,NA,NA,NA
GMU6_U_146,7/8/2021,9/30/2021,NA,NA,NA,NA,NA,NA,NA,NA
GMU6_U_147,5/1/2021,10/7/2021,NA,NA,NA,NA,NA,NA,NA,NA
GMU6_U_148,5/1/2021,10/8/2021,NA,NA,NA,NA,NA,NA,NA,NA
GMU6_U_149,6/17/2021,7/7/2021,NA,NA,NA,NA,NA,NA,NA,NA
GMU6_U_151,5/1/2021,10/26/2021,NA,NA,NA,NA,NA,NA,NA,NA
GMU6_U_152,5/14/2021,10/4/2021,5/14/2021,5/24/2021,NA,NA,NA,NA,NA,NA
GMU6_U_153,7/9/2021,10/21/2021,NA,NA,NA,NA,NA,NA,NA,NA
GMU6_U_155,5/1/2021,10/14/2021,NA,NA,NA,NA,NA,NA,NA,NA
GMU6_U_157,5/1/2021,10/28/2021,NA,NA,NA,NA,NA,NA,NA,NA
GMU6_U_159,5/1/2021,9/29/2021,NA,NA,NA,NA,NA,NA,NA,NA
GMU6_U_16,5/1/2021,5/1/2021,NA,NA,NA,NA,NA,NA,NA,NA
GMU6_U_160,5/1/2021,10/4/2021,NA,NA,NA,NA,NA,NA,NA,NA
GMU6_U_161,5/1/2021,9/21/2021,NA,NA,NA,NA,NA,NA,NA,NA
GMU6_U_162,5/1/2021,10/5/2021,NA,NA,NA,NA,NA,NA,NA,NA
GMU6_U_164,5/24/2021,7/1/2021,NA,NA,NA,NA,NA,NA,NA,NA
GMU6_U_166,7/8/2021,9/27/2021,NA,NA,NA,NA,NA,NA,NA,NA
GMU6_U_167,5/1/2021,5/15/2021,NA,NA,NA,NA,NA,NA,NA,NA
GMU6_U_168,5/1/2021,9/21/2021,NA,NA,NA,NA,NA,NA,NA,NA
GMU6_U_169,5/21/2021,10/27/2021,NA,NA,NA,NA,NA,NA,NA,NA
GMU6_U_17,5/1/2021,8/16/2021,NA,NA,NA,NA,NA,NA,NA,NA
GMU6_U_18,5/1/2021,10/29/2021,NA,NA,NA,NA,NA,NA,NA,NA
GMU6_U_19,5/1/2021,10/1/2021,NA,NA,NA,NA,NA,NA,NA,NA
GMU6_U_2,5/5/2021,8/31/2021,NA,NA,NA,NA,NA,NA,NA,NA
GMU6_U_20,5/1/2021,10/29/2021,NA,NA,NA,NA,NA,NA,NA,NA
GMU6_U_21,6/29/2021,9/17/2021,NA,NA,NA,NA,NA,NA,NA,NA
GMU6_U_22,5/1/2021,10/18/2021,NA,NA,NA,NA,NA,NA,NA,NA
GMU6_U_23,7/10/2021,10/13/2021,NA,NA,NA,NA,NA,NA,NA,NA
GMU6_U_24,5/1/2021,10/28/2021,NA,NA,NA,NA,NA,NA,NA,NA
GMU6_U_25,7/8/2021,10/11/2021,NA,NA,NA,NA,NA,NA,NA,NA
GMU6_U_26,7/7/2021,10/6/2021,NA,NA,NA,NA,NA,NA,NA,NA
GMU6_U_27,5/1/2021,9/23/2021,NA,NA,NA,NA,NA,NA,NA,NA
GMU6_U_28,5/1/2021,10/5/2021,NA,NA,NA,NA,NA,NA,NA,NA
GMU6_U_29,5/1/2021,10/14/2021,NA,NA,NA,NA,NA,NA,NA,NA
GMU6_U_3,5/1/2021,10/1/2021,NA,NA,NA,NA,NA,NA,NA,NA
GMU6_U_30,7/2/2021,9/20/2021,NA,NA,NA,NA,NA,NA,NA,NA
GMU6_U_31,5/1/2021,10/27/2021,NA,NA,NA,NA,NA,NA,NA,NA
GMU6_U_32,5/1/2021,5/1/2021,NA,NA,NA,NA,NA,NA,NA,NA
GMU6_U_33,7/1/2021,9/29/2021,NA,NA,NA,NA,NA,NA,NA,NA
GMU6_U_34,5/1/2021,10/30/2021,NA,NA,NA,NA,NA,NA,NA,NA
GMU6_U_35,5/1/2021,9/23/2021,NA,NA,NA,NA,NA,NA,NA,NA
GMU6_U_36,5/12/2021,10/30/2021,NA,NA,NA,NA,NA,NA,NA,NA
GMU6_U_37,5/1/2021,5/1/2021,NA,NA,NA,NA,NA,NA,NA,NA
GMU6_U_38,7/7/2021,10/5/2021,NA,NA,NA,NA,NA,NA,NA,NA
GMU6_U_4,5/1/2021,11/1/2021,NA,NA,NA,NA,NA,NA,NA,NA
GMU6_U_40,5/1/2021,10/6/2021,NA,NA,NA,NA,NA,NA,NA,NA
GMU6_U_41,6/28/2021,9/17/2021,NA,NA,NA,NA,NA,NA,NA,NA
GMU6_U_42,7/9/2021,10/28/2021,NA,NA,NA,NA,NA,NA,NA,NA
GMU6_U_43,5/1/2021,10/27/2021,NA,NA,NA,NA,NA,NA,NA,NA
GMU6_U_44,5/1/2021,11/3/2021,NA,NA,NA,NA,NA,NA,NA,NA
GMU6_U_45,5/1/2021,9/28/2021,NA,NA,NA,NA,NA,NA,NA,NA
GMU6_U_46,6/16/2021,10/27/2021,NA,NA,NA,NA,NA,NA,NA,NA
GMU6_U_49,5/1/2021,9/15/2021,NA,NA,NA,NA,NA,NA,NA,NA
GMU6_U_5,5/1/2021,9/15/2021,NA,NA,NA,NA,NA,NA,NA,NA
GMU6_U_50,5/5/2021,11/1/2021,NA,NA,NA,NA,NA,NA,NA,NA
GMU6_U_51,5/1/2021,10/14/2021,NA,NA,NA,NA,NA,NA,NA,NA
GMU6_U_53,5/1/2021,9/22/2021,NA,NA,NA,NA,NA,NA,NA,NA
GMU6_U_54,7/6/2021,9/30/2021,NA,NA,NA,NA,NA,NA,NA,NA
GMU6_U_55,6/29/2021,10/7/2021,NA,NA,NA,NA,NA,NA,NA,NA
GMU6_U_56,5/1/2021,11/4/2021,NA,NA,NA,NA,NA,NA,NA,NA
GMU6_U_57,5/1/2021,11/1/2021,NA,NA,NA,NA,NA,NA,NA,NA
GMU6_U_58,7/8/2021,10/26/2021,NA,NA,NA,NA,NA,NA,NA,NA
GMU6_U_59,5/5/2021,10/21/2021,NA,NA,NA,NA,NA,NA,NA,NA
GMU6_U_6,5/5/2021,10/18/2021,NA,NA,NA,NA,NA,NA,NA,NA
GMU6_U_60,5/1/2021,10/11/2021,NA,NA,NA,NA,NA,NA,NA,NA
GMU6_U_62,5/1/2021,10/28/2021,NA,NA,NA,NA,NA,NA,NA,NA
GMU6_U_63,5/12/2021,11/10/2021,NA,NA,NA,NA,NA,NA,NA,NA
GMU6_U_65,7/1/2021,9/29/2021,NA,NA,NA,NA,NA,NA,NA,NA
GMU6_U_66,5/1/2021,10/14/2021,NA,NA,NA,NA,NA,NA,NA,NA
GMU6_U_67,5/15/2021,9/27/2021,NA,NA,NA,NA,NA,NA,NA,NA
GMU6_U_68,5/1/2021,10/28/2021,NA,NA,NA,NA,NA,NA,NA,NA
GMU6_U_69,7/9/2021,9/16/2021,NA,NA,NA,NA,NA,NA,NA,NA
GMU6_U_7,5/1/2021,6/16/2021,NA,NA,NA,NA,NA,NA,NA,NA
GMU6_U_70,7/2/2021,10/6/2021,NA,NA,NA,NA,NA,NA,NA,NA
GMU6_U_71,5/1/2021,10/21/2021,NA,NA,NA,NA,NA,NA,NA,NA
GMU6_U_72,5/17/2021,10/12/2021,NA,NA,NA,NA,NA,NA,NA,NA
GMU6_U_73,5/1/2021,9/16/2021,NA,NA,NA,NA,NA,NA,NA,NA
GMU6_U_74,5/5/2021,10/5/2021,NA,NA,NA,NA,NA,NA,NA,NA
GMU6_U_75,5/1/2021,10/13/2021,NA,NA,NA,NA,NA,NA,NA,NA
GMU6_U_76,5/1/2021,10/26/2021,NA,NA,NA,NA,NA,NA,NA,NA
GMU6_U_77,7/8/2021,10/1/2021,NA,NA,NA,NA,NA,NA,NA,NA
GMU6_U_78,5/1/2021,10/14/2021,NA,NA,NA,NA,NA,NA,NA,NA
GMU6_U_79,7/5/2021,9/20/2021,NA,NA,NA,NA,NA,NA,NA,NA
GMU6_U_8,5/1/2021,10/30/2021,NA,NA,NA,NA,NA,NA,NA,NA
GMU6_U_80,5/1/2021,10/8/2021,NA,NA,NA,NA,NA,NA,NA,NA
GMU6_U_81,7/10/2021,8/25/2021,NA,NA,NA,NA,NA,NA,NA,NA
GMU6_U_82,5/1/2021,10/29/2021,NA,NA,NA,NA,NA,NA,NA,NA
GMU6_U_83,5/1/2021,10/8/2021,NA,NA,NA,NA,NA,NA,NA,NA
GMU6_U_84,5/1/2021,10/18/2021,NA,NA,NA,NA,NA,NA,NA,NA
GMU6_U_85,5/1/2021,9/16/2021,NA,NA,NA,NA,NA,NA,NA,NA
GMU6_U_86,7/6/2021,10/11/2021,NA,NA,NA,NA,NA,NA,NA,NA
GMU6_U_87,5/1/2021,9/22/2021,NA,NA,NA,NA,NA,NA,NA,NA
GMU6_U_89,5/1/2021,9/17/2021,NA,NA,NA,NA,NA,NA,NA,NA
GMU6_U_9,7/7/2021,9/28/2021,NA,NA,NA,NA,NA,NA,NA,NA
GMU6_U_90,6/28/2021,10/13/2021,NA,NA,NA,NA,NA,NA,NA,NA
GMU6_U_92,5/1/2021,9/25/2021,NA,NA,NA,NA,NA,NA,NA,NA
GMU6_U_93,5/1/2021,8/18/2021,NA,NA,NA,NA,NA,NA,NA,NA
GMU6_U_94,5/1/2021,10/28/2021,NA,NA,NA,NA,NA,NA,NA,NA
GMU6_U_96,5/1/2021,10/18/2021,NA,NA,NA,NA,NA,NA,NA,NA
GMU6_U_97,7/8/2021,10/20/2021,NA,NA,NA,NA,NA,NA,NA,NA
GMU6_U_99,5/1/2021,9/17/2021,NA,NA,NA,NA,NA,NA,NA,NA
